IND,1,India, 141173 ,
CHN,2,China, 1412175 ,
USA,3,United States, 333288 ,
IDN,4,Indonesia, 275501 ,
PAK,5,Pakistan, 235825 ,
NGA,6,Nigeria, 218541 ,
BRA,7,Brazil, 215313 ,
BGD,8,Bangladesh, 171186 ,
RUS,9,Russian Federation, 144237 ,
MEX,10,Mexico, 127504 ,
JPN,11,Japan, 125125 ,
ETH,12,Ethiopia, 123380 ,
PHL,13,Philippines, 115559 ,
EGY,14,"Egypt, Arab Rep.", 1100 ,
COD,15,"Congo, Dem. Rep.", 99010 ,
VNM,16,Viet Nam, 98187 ,
IRN,17,"Iran, Islamic Rep.", 88551 ,
TUR,18,Türkiye, 84980 ,
DEU,19,Germany, 83798 ,
THA,20,Thailand, 7197 ,
FRA,21,France, 67971 ,
GBR,22,United Kingdom, 66971 ,
TZA,23,Tanzania, 65 ,
ZAF,24,South Africa, 59894 ,
ITA,25,Italy, 58940 ,
MMR,26,Myanmar, 54179 ,
KEN,27,Kenya, 54027 ,
COL,28,Colombia, 51874 ,
KOR,29,"Korea, Rep.", 51628 ,
ESP,30,Spain, 47778 ,
UGA,31,Uganda, 4750 ,
SDN,32,Sudan, 46874 ,
ARG,33,Argentina, 46235 ,
DZA,34,Algeria, 44903 ,
IRQ,35,Iraq, 44496 ,
AFG,36,Afghanistan, 41129 ,
CAN,37,Canada, 38930 ,
UKR,38,Ukraine, 38000 ,
MAR,39,Morocco, 37458 ,
POL,40,Poland, 36822 ,
SAU,41,Saudi Arabia, 36409 ,
UZB,42,Uzbekistan, 35648 ,
AGO,43,Angola, 35589 ,
PER,44,Peru, 3050 ,
MYS,45,Malaysia, 33938 ,
YEM,46,"Yemen, Rep.", 33697 ,
GHA,47,Ghana, 33476 ,
MOZ,48,Mozambique, 32970 ,
NPL,49,Nepal, 30548 ,
MDG,50,Madagascar, 29612 ,
VEN,51,"Venezuela, RB", 28302 ,
CIV,52,Côte d'Ivoire, 28161 ,
CMR,53,Cameroon, 27915 ,
NER,54,Niger, 26208 ,
PRK,55,"Korea, Dem. People's Rep.", 26069 ,
AUS,56,Australia, 26006 ,
BFA,57,Burkina Faso, 22674 ,
MLI,58,Mali, 22594 ,
LKA,59,Sri Lanka, 22181 ,
SYR,60,Syrian Arab Republic, 22125 ,
MWI,61,Malawi, 20405 ,
ZMB,62,Zambia, 20018 ,
KAZ,63,Kazakhstan, 19622 ,
CHL,64,Chile, 19604 ,
ROU,65,Romania, 19047 ,
ECU,66,Ecuador, 18001 ,
TCD,67,Chad, 17723 ,
NLD,68,Netherlands, 17701 ,
SOM,69,Somalia, 17598 ,
GTM,70,Guatemala, 17358 ,
SEN,71,Senegal, 17316 ,
KHM,72,Cambodia, 16768 ,
ZWE,73,Zimbabwe, 16321 ,
GIN,74,Guinea, 13859 ,
RWA,75,Rwanda, 13777 ,
BEN,76,Benin, 13353 ,
BDI,77,Burundi, 12890 ,
TUN,78,Tunisia, 12356 ,
BOL,79,Bolivia, 12224 ,
BEL,80,Belgium, 11686 ,
HTI,81,Haiti, 1585 ,
JOR,82,Jordan, 11286 ,
DOM,83,Dominican Republic, 11229 ,
CUB,84,Cuba, 11212 ,
SSD,85,South Sudan, 10913 ,
CZE,86,Czech Republic, 10672 ,
SWE,87,Sweden, 10487 ,
HND,88,Honduras, 10433 ,
GRC,89,Greece, 10427 ,
PRT,90,Portugal, 1410 ,
PNG,91,Papua New Guinea, 10143 ,
AZE,92,Azerbaijan, 1042 ,
TJK,93,Tajikistan, 9953 ,
HUN,94,Hungary, 9643 ,
ISR,95,Israel, 9558 ,
ARE,96,United Arab Emirates, 9441 ,
BLR,97,Belarus, 9228 ,
AUT,98,Austria, 9042 ,
TGO,99,Togo, 8849 ,
CHE,100,Switzerland, 8776 ,
