,Index,Number,Strana,Population,Unknow
0,CHN,2,China,1412175,
1,USA,3,United States,333288,
2,IDN,4,Indonesia,275501,
3,PAK,5,Pakistan,235825,
4,NGA,6,Nigeria,218541,
5,BRA,7,Brazil,215313,
6,BGD,8,Bangladesh,171186,
7,RUS,9,Russian Federation,144237,
8,MEX,10,Mexico,127504,
9,JPN,11,Japan,125125,
10,ETH,12,Ethiopia,123380,
11,PHL,13,Philippines,115559,
12,EGY,14,"Egypt, Arab Rep.",1100,
13,COD,15,"Congo, Dem. Rep.",99010,
14,VNM,16,Viet Nam,98187,
15,IRN,17,"Iran, Islamic Rep.",88551,
16,TUR,18,Türkiye,84980,
17,DEU,19,Germany,83798,
18,THA,20,Thailand,7197,
19,FRA,21,France,67971,
20,GBR,22,United Kingdom,66971,
21,TZA,23,Tanzania,65,
22,ZAF,24,South Africa,59894,
23,ITA,25,Italy,58940,
24,MMR,26,Myanmar,54179,
25,KEN,27,Kenya,54027,
26,COL,28,Colombia,51874,
27,KOR,29,"Korea, Rep.",51628,
28,ESP,30,Spain,47778,
29,UGA,31,Uganda,4750,
30,SDN,32,Sudan,46874,
31,ARG,33,Argentina,46235,
32,DZA,34,Algeria,44903,
33,IRQ,35,Iraq,44496,
34,AFG,36,Afghanistan,41129,
35,CAN,37,Canada,38930,
36,UKR,38,Ukraine,38000,
37,MAR,39,Morocco,37458,
38,POL,40,Poland,36822,
39,SAU,41,Saudi Arabia,36409,
40,UZB,42,Uzbekistan,35648,
41,AGO,43,Angola,35589,
42,PER,44,Peru,3050,
43,MYS,45,Malaysia,33938,
44,YEM,46,"Yemen, Rep.",33697,
45,GHA,47,Ghana,33476,
46,MOZ,48,Mozambique,32970,
47,NPL,49,Nepal,30548,
48,MDG,50,Madagascar,29612,
49,VEN,51,"Venezuela, RB",28302,
50,CIV,52,Côte d'Ivoire,28161,
51,CMR,53,Cameroon,27915,
52,NER,54,Niger,26208,
53,PRK,55,"Korea, Dem. People's Rep.",26069,
54,AUS,56,Australia,26006,
55,BFA,57,Burkina Faso,22674,
56,MLI,58,Mali,22594,
57,LKA,59,Sri Lanka,22181,
58,SYR,60,Syrian Arab Republic,22125,
59,MWI,61,Malawi,20405,
60,ZMB,62,Zambia,20018,
61,KAZ,63,Kazakhstan,19622,
62,CHL,64,Chile,19604,
63,ROU,65,Romania,19047,
64,ECU,66,Ecuador,18001,
65,TCD,67,Chad,17723,
66,NLD,68,Netherlands,17701,
67,SOM,69,Somalia,17598,
68,GTM,70,Guatemala,17358,
69,SEN,71,Senegal,17316,
70,KHM,72,Cambodia,16768,
71,ZWE,73,Zimbabwe,16321,
72,GIN,74,Guinea,13859,
73,RWA,75,Rwanda,13777,
74,BEN,76,Benin,13353,
75,BDI,77,Burundi,12890,
76,TUN,78,Tunisia,12356,
77,BOL,79,Bolivia,12224,
78,BEL,80,Belgium,11686,
79,HTI,81,Haiti,1585,
80,JOR,82,Jordan,11286,
81,DOM,83,Dominican Republic,11229,
82,CUB,84,Cuba,11212,
83,SSD,85,South Sudan,10913,
84,CZE,86,Czech Republic,10672,
85,SWE,87,Sweden,10487,
86,HND,88,Honduras,10433,
87,GRC,89,Greece,10427,
88,PRT,90,Portugal,1410,
89,PNG,91,Papua New Guinea,10143,
90,AZE,92,Azerbaijan,1042,
91,TJK,93,Tajikistan,9953,
92,HUN,94,Hungary,9643,
93,ISR,95,Israel,9558,
94,ARE,96,United Arab Emirates,9441,
95,BLR,97,Belarus,9228,
96,AUT,98,Austria,9042,
97,TGO,99,Togo,8849,
98,CHE,100,Switzerland,8776,
